{
  "english": "en",
  "indonesian": "id",
  "czech": "cs",
  "german": "de",
  "spanish": "es-419",
  "french": "fr",
  "italian": "it",
  "latvian": "lv",
  "lithuanian": "lt",
  "hungarian": "hu",
  "dutch": "nl",
  "norwegian": "no",
  "polish": "pl",
  "portuguese brasil": "pt-419",
  "portuguese portugal": "pt-150",
  "romanian": "ro",
  "slovak": "sk",
  "slovenian": "sl",
  "swedish": "sv",
  "vietnamese": "vi",
  "turkish": "tr",
  "greek": "el",
  "bulgarian": "bg",
  "russian": "ru",
  "serbian": "sr",
  "ukrainian": "uk",
  "hebrew": "he",
  "arabic": "ar",
  "marathi": "mr",
  "hindi": "hi",
  "bengali": "bn",
  "tamil": "ta",
  "telugu": "te",
  "malyalam": "ml",
  "thai": "th",
  "chinese simplified": "zh-Hans",
  "chinese traditional": "zh-Hant",
  "japanese": "ja",
  "korean": "ko"
}